fixedX,fixedY,alignmentX,alignmentY
7930.500057444853,30416.00068933824,17423.5,3842.5
11105.00057444853,13659.500229779413,8019.0,5626.0
7429.500229779412,32565.500919117647,18563.0,3511.5
3373.0002010569856,20689.000459558825,11928.0,1275.5
11050.500344669115,32150.500919117647,18400.5,5566.5
10940.00057444853,13972.000804227942,8219.0,5525.0
7872.500287224265,2053.000057444853,1467.5,3821.5
9720.0,18166.500459558825,10560.0,4855.5